,TCGA_id,Gene,Cell,Correlation
0,OV,TRAV27,T cell CD8+,0.5038913611517852
1,UCEC,TRAV21,Macrophage M1,0.5199725686216723
2,UCEC,TRAV12-2,T cell CD8+,0.5001988919692754
3,BLCA,TRBV6-5,T cell CD8+,0.5484169712358749
4,BLCA,IGHV3-49,Macrophage M2,0.508890201566006
5,TGCT,TRAV24,Macrophage M1,0.565348791704475
6,TGCT,TRAV23DV6,Macrophage M1,0.5374841389083413
7,TGCT,TRBJ1-5,Macrophage M1,0.532581198924301
8,TGCT,TRAV13-2,Macrophage M1,0.5271980091212471
9,TGCT,TRAV8-7,Macrophage M1,0.5211841306941394
10,TGCT,TRAJ31,Macrophage M1,0.5031361277542921
11,TGCT,TRBV7-8,Macrophage M1,0.5026969666892687
12,ESCA,TRBJ2-3,B cell plasma,-0.5227291632366127
13,PAAD,TRGVB,T cell CD4+ naive,0.5674375353075896
14,PAAD,TRDJ3,T cell CD4+ naive,0.5674375353075896
15,PAAD,TRAV12-2,T cell CD8+,0.5263663583170846
16,PAAD,TRBV7-8,T cell CD8+,0.5211653872500858
17,PAAD,TRBV7-9,T cell CD8+,0.5101789835354418
18,KIRP,TRBV6-7,T cell CD4+ memory activated,0.5081653378577208
19,LIHC,IGHJ6,Macrophage M1,0.5534027798700745
20,LIHC,IGHJ2,T cell CD8+,0.5400463464286944
21,LIHC,IGHJ6,T cell CD8+,0.5343484271803546
22,LIHC,IGHV3-21,Macrophage M1,0.5167248916192289
23,LIHC,IGHV3-21,T cell CD8+,0.5148309881727261
24,LIHC,IGHJ3,Macrophage M1,0.5136962596934325
25,LIHC,IGHV3-30,T cell CD8+,0.5117151872134583
26,LIHC,IGHV4-59,Macrophage M1,0.5087575758514483
27,LIHC,IGHV3-7,T cell CD8+,0.5070908820549034
28,LIHC,IGHV1-69,Macrophage M1,0.5030857894867802
29,LIHC,IGHV1-69,T cell CD8+,0.5018753723845002
30,LIHC,IGHV3-48,T cell CD8+,0.501147760135151
31,CESC,TRBV27,T cell CD8+,0.5126643615380831
32,CESC,TRBV4-1,T cell CD8+,0.5038216522595456
33,SARC,TRBV9,T cell CD8+,0.577015205459016
34,SARC,TRAV12-2,T cell CD8+,0.558635667033545
35,SARC,TRAJ20,T cell CD8+,0.5555437683467589
36,SARC,TRBV19,T cell CD8+,0.5517647406244649
37,SARC,TRAV9-2,T cell CD8+,0.5439365542429406
38,SARC,TRBV11-2,T cell CD8+,0.5436126617020338
39,SARC,TRGV10,T cell CD8+,0.5354960073530189
40,SARC,TRBV2,T cell CD8+,0.5294823067938199
41,SARC,TRAJ10,T cell CD8+,0.5267466040633074
42,SARC,TRAV38-2DV8,T cell CD8+,0.526293736834066
43,SARC,TRAJ43,T cell CD8+,0.5257098044377307
44,SARC,TRBJ1-6,T cell CD8+,0.5253730909131112
45,SARC,TRBJ2-2,T cell CD8+,0.5241484679714746
46,SARC,TRDV1,T cell CD8+,0.5215252432519766
47,SARC,TRBV9,Macrophage M1,0.520404568240576
48,SARC,TRBV4-2,T cell CD8+,0.5190986197541421
49,SARC,TRBJ1-4,T cell CD8+,0.5187060270891758
50,SARC,TRAV17,T cell CD8+,0.5170253500118327
51,SARC,TRBJ2-7,T cell CD8+,0.5097487361463418
52,SARC,TRBV10-3,T cell CD8+,0.5076730105747985
53,SARC,TRBV19,Macrophage M1,0.503510701081202
54,SARC,TRBV4-1,T cell CD8+,0.5028972520432183
55,THYM,TRBV21-1,Macrophage M2,-0.7183625396566535
56,THYM,TRAJ61,Macrophage M2,-0.7154215465314963
57,THYM,TRBV14,Macrophage M2,-0.6607411525183291
58,THYM,TRBV15,Macrophage M2,-0.6598028949886042
59,THYM,TRBV4-2,Macrophage M2,-0.6579587678242991
60,THYM,TRBJ2-4,Macrophage M2,-0.645475287238922
61,THYM,TRBV3-2,Macrophage M2,-0.6429702448433549
62,THYM,TRBV5-8,Macrophage M2,-0.6425640158892558
63,THYM,TRBJ1-3,Macrophage M2,-0.636807676695136
64,THYM,TRBV12-4,Macrophage M2,-0.6328898896675241
65,THYM,TRBV10-3,Macrophage M2,-0.631183184287773
66,THYM,TRBV11-2,Macrophage M2,-0.6303781939179438
67,THYM,TRBV6-5,Macrophage M2,-0.6282558819844678
68,THYM,TRBV4-1,Macrophage M2,-0.6084584167499406
69,THYM,TRAV41,T cell CD4+ naive,0.6055974586731508
70,THYM,TRBJ1-4,Macrophage M2,-0.6038010519159276
71,THYM,TRBV3-2,T cell CD4+ naive,0.6005657903820154
72,THYM,TRBV5-7,Macrophage M2,-0.597555178963839
73,THYM,TRBV20-1,Macrophage M2,-0.5961156650754491
74,THYM,TRBV6-4,Macrophage M2,-0.5954421933868791
75,THYM,TRBV14,Macrophage M1,-0.590731588825034
76,THYM,TRBV6-1,Macrophage M2,-0.589356685360594
77,THYM,TRBV19,Macrophage M2,-0.5890954506063404
78,THYM,TRBJ2-6,Macrophage M2,-0.5886668590091144
79,THYM,TRBJ2-3,Macrophage M2,-0.5879235931915109
80,THYM,TRBV7-2,Macrophage M2,-0.5852319028415165
81,THYM,TRBV21-1,Macrophage M1,-0.582563716187081
82,THYM,TRBJ1-6,Macrophage M2,-0.5819976270019395
83,THYM,TRBV6-6,Macrophage M2,-0.5811853506441594
84,THYM,TRBJ1-1,Macrophage M2,-0.5768800027081334
85,THYM,TRBV2,Macrophage M2,-0.576536365848351
86,THYM,TRBJ1-2,Macrophage M2,-0.5764771869405299
87,THYM,TRAJ44,T cell CD4+ naive,0.5762179099840778
88,THYM,TRBJ1-5,Macrophage M2,-0.5716956710770122
89,THYM,TRBV7-4,Macrophage M2,-0.5714406225250419
90,THYM,TRBV6-2,Macrophage M2,-0.5702560932213745
91,THYM,TRAV40,T cell CD4+ naive,0.56727305340887
92,THYM,TRBV13,Macrophage M2,-0.5667781183803146
93,THYM,TRAV41,Macrophage M2,-0.5663903389327843
94,THYM,TRBV5-5,T cell CD4+ naive,0.5633334409476063
95,THYM,TRBV12-5,Macrophage M2,-0.5598890048960192
96,THYM,TRAJ61,NK cell activated,-0.5596179730949852
97,THYM,TRBV5-1,Macrophage M2,-0.5593596980110752
98,THYM,TRBV5-4,Macrophage M2,-0.5576177116248318
99,THYM,TRAJ61,Macrophage M1,-0.5574029770326738
100,THYM,TRAV40,Macrophage M2,-0.5569658227729244
101,THYM,TRAV5,T cell CD4+ naive,0.556426186168936
102,THYM,TRAJ58,Macrophage M2,-0.5564261807541456
103,THYM,TRBV7-3,Macrophage M2,-0.555062873765895
104,THYM,IGHJ5,Macrophage M1,0.5544555866841605
105,THYM,TRBV10-3,Macrophage M1,-0.5541410321029804
106,THYM,TRBV25-1,Macrophage M2,-0.5536486604069272
107,THYM,TRBJ2-5,Macrophage M2,-0.5523904488880184
108,THYM,TRBV15,T cell CD4+ naive,0.5523829510296369
109,THYM,TRBV23-1,Macrophage M2,-0.5523678445884442
110,THYM,TRBV24-1,Macrophage M2,-0.5520175578601508
111,THYM,TRBJ2-1,Macrophage M2,-0.5504803764778246
112,THYM,TRBV5-7,T cell CD4+ naive,0.5495068539078866
113,THYM,TRAV26-2,T cell CD4+ naive,0.5466625544500975
114,THYM,TRBV18,Macrophage M2,-0.5451148319587641
115,THYM,TRBV21-1,T cell CD4+ naive,0.5441608416216961
116,THYM,TRBV14,NK cell activated,-0.5412308356201878
117,THYM,TRBV27,Macrophage M2,-0.5395683474625115
118,THYM,TRBV11-3,Macrophage M2,-0.5391320823759108
119,THYM,TRBV5-8,Macrophage M1,-0.5377692265821915
120,THYM,TRBJ2-4,Macrophage M1,-0.5375896854555657
121,THYM,TRBV4-2,T cell CD4+ naive,0.5363055434834937
122,THYM,TRBV4-2,Macrophage M1,-0.5361947250751076
123,THYM,TRBJ2-6,Macrophage M1,-0.5340036876650708
124,THYM,TRBV5-5,Macrophage M2,-0.5327027982171363
125,THYM,TRBV14,T cell CD4+ naive,0.5319885642817945
126,THYM,TRBJ2-2,Macrophage M1,-0.531836248958085
127,THYM,TRBV15,Macrophage M1,-0.5311462422356422
128,THYM,TRBV4-3,Macrophage M2,-0.5308100315463606
129,THYM,TRBV15,NK cell activated,-0.5299685567243365
130,THYM,TRBV21-1,NK cell activated,-0.5284308226352558
131,THYM,TRBV19,Macrophage M1,-0.5277648825033657
132,THYM,TRBV11-1,Macrophage M2,-0.5266189839587099
133,THYM,TRBJ2-4,T cell CD4+ naive,0.5262242722758016
134,THYM,TRBV12-4,T cell CD4+ naive,0.5250141660485834
135,THYM,TRAJ44,Macrophage M2,-0.5211402730538428
136,THYM,TRBV6-5,Macrophage M1,-0.5189210807411594
137,THYM,TRBV12-4,Macrophage M1,-0.5180476643561156
138,THYM,TRBV30,Macrophage M2,-0.5178743166759708
139,THYM,TRBJ2-3,Macrophage M1,-0.5177768008761053
140,THYM,TRAV26-1,T cell CD4+ naive,0.5176061877996773
141,THYM,TRAJ38,T cell CD4+ naive,0.5151048595644179
142,THYM,TRBV24-1,T cell CD4+ naive,0.5139025175319469
143,THYM,TRBV5-4,T cell CD4+ naive,0.5131813841519097
144,THYM,TRBV3-2,Macrophage M1,-0.511397675252705
145,THYM,TRBV7-7,Macrophage M2,-0.5102163847291533
146,THYM,TRBV6-5,T cell CD4+ naive,0.5099617435807955
147,THYM,TRGJP1,T cell CD4+ naive,0.5094001237624125
148,THYM,TRBV5-6,Macrophage M2,-0.5091401873930648
149,THYM,IGHJ4,Macrophage M1,0.5090467046708909
150,THYM,TRAJ40,T cell CD4+ naive,0.508638995438216
151,THYM,TRBV24-1,Macrophage M1,-0.5084464791303966
152,THYM,TRBV20-1,Macrophage M1,-0.5082546355194898
153,THYM,TRAV26-2,Macrophage M2,-0.5078719260922352
154,THYM,TRBV5-8,T cell CD4+ naive,0.5075981640888142
155,THYM,TRBV4-1,Macrophage M1,-0.5074765191466599
156,THYM,TRBV11-2,T cell CD4+ naive,0.5074590396938642
157,THYM,TRBV10-3,T cell CD4+ naive,0.5071987642671768
158,THYM,TRBJ1-2,Macrophage M1,-0.5065698112387976
159,THYM,TRBV3-1,Macrophage M2,-0.5063845263615445
160,THYM,TRBJ2-6,T cell CD4+ naive,0.5057317057905307
161,THYM,TRBJ2-7,Macrophage M2,-0.5054153434129725
162,THYM,TRBJ2-2,Macrophage M2,-0.504500622693972
163,THYM,TRBV12-3,Macrophage M2,-0.503778461211125
164,THYM,TRAJ58,T cell CD4+ naive,0.5032944645174185
165,THYM,TRBV6-1,T cell CD4+ naive,0.5032668307752984
166,THYM,TRBV5-1,Macrophage M1,-0.5015944244977023
167,THYM,TRBV23-1,Macrophage M1,-0.5013367705861893
168,THYM,TRBJ2-1,Macrophage M1,-0.5012329106134398
169,MESO,TRBV9,T cell CD8+,0.651884914995159
170,MESO,TRBV9,Macrophage M1,0.5978520595634352
171,MESO,IGHV3-75,T cell CD4+ memory activated,0.5623665542960573
172,MESO,IGHV2-70,T cell CD8+,0.5467971865581301
173,MESO,TRAV27,T cell CD8+,0.5454348849887761
174,MESO,TRBJ1-3,T cell follicular helper,0.5345743757033288
175,MESO,TRBV27,T cell CD8+,0.5333657458642728
176,MESO,TRGV10,T cell CD8+,0.532320839132846
177,MESO,IGHV2-70,T cell follicular helper,0.5322704693131126
178,MESO,TRAJ36,T cell gamma delta,0.5295772246846232
179,MESO,TRBV9,T cell follicular helper,0.5271400841729014
180,MESO,TRBV5-8,Macrophage M1,0.5223647007985484
181,MESO,TRBV5-8,Macrophage M2,0.5123354953157307
182,MESO,TRBJ1-3,T cell CD8+,0.5112593380938883
183,MESO,TRBJ1-3,Macrophage M2,0.5111258468475015
184,MESO,TRBV27,T cell follicular helper,0.5090049782221919
185,MESO,TRAJ33,T cell CD8+,0.5045644461089713
186,MESO,TRBV27,Macrophage M1,0.5045271923255273
187,MESO,TRBJ2-4,T cell CD4+ memory activated,0.5041942306125375
188,MESO,IGHV3-30,B cell plasma,0.5029235626518526
189,STAD,TRBJ2-1,B cell plasma,-0.598807731215024
190,STAD,TRBJ2-3,B cell plasma,-0.5816078416783269
191,STAD,TRBJ2-7,B cell plasma,-0.5475780958097589
192,STAD,TRBJ2-2,B cell plasma,-0.522264654488824
193,STAD,TRBJ2-5,B cell plasma,-0.5145700563507263
194,STAD,TRBV6-5,B cell plasma,-0.511089390800576
195,SKCM,TRBV27,T cell CD8+,0.5761851133253182
196,SKCM,TRBJ1-2,T cell CD8+,0.5675690454601336
197,SKCM,TRBV29-1,Macrophage M1,0.5606331985814316
198,SKCM,TRAV17,T cell follicular helper,0.5554781347369658
199,SKCM,TRAJ6,T cell CD8+,0.5546350928999477
200,SKCM,TRBV27,NK cell activated,0.5540366572487316
201,SKCM,TRAJ49,T cell CD8+,0.5492169746723125
202,SKCM,TRAV27,T cell CD8+,0.5451443548097085
203,SKCM,TRBV4-2,T cell CD8+,0.5436982084958847
204,SKCM,TRAJ20,T cell CD8+,0.5407954283184055
205,SKCM,TRAJ45,T cell follicular helper,0.531541889107943
206,SKCM,TRAJ37,Macrophage M1,0.5268255867672873
207,SKCM,TRBV4-3,T cell CD8+,0.5231097522352145
208,SKCM,TRAJ35,NK cell activated,0.516780806859077
209,SKCM,TRBJ2-5,T cell CD8+,0.5148557844512381
210,SKCM,TRAJ49,NK cell activated,0.5089854474997327
211,SKCM,TRAJ45,NK cell activated,0.5066750340986721
212,SKCM,TRBV7-9,NK cell activated,0.5038623776379182
213,SKCM,TRBV19,T cell CD8+,0.5027913196609752
214,SKCM,TRAJ5,T cell CD8+,0.5023361718768341
215,SKCM,TRAV21,T cell CD8+,0.5015910518445921
216,CHOL,TRAV33,T cell CD4+ naive,1.0
217,CHOL,TRAJ7,T cell CD4+ naive,1.0
218,CHOL,TRAV9-1,T cell CD4+ naive,1.0
219,CHOL,TRBV12-1,T cell CD4+ naive,1.0
220,CHOL,TRBV12-5,T cell CD4+ naive,1.0
221,CHOL,TRBV5-2,T cell CD4+ naive,1.0
222,CHOL,IGLV3-30,T cell CD4+ naive,1.0
223,CHOL,IGKV3-31,T cell CD4+ naive,1.0
224,CHOL,IGHV3-62,T cell CD4+ naive,1.0
225,CHOL,TRBV6-4,T cell CD4+ naive,1.0
226,CHOL,IGHV3-9,T cell follicular helper,0.8019774035661852
227,CHOL,IGHV3-30,T cell follicular helper,0.776188449635166
228,CHOL,IGLV9-49,T cell follicular helper,0.759173831931688
229,CHOL,IGHV3-7,T cell follicular helper,0.7490657415684318
230,CHOL,IGHV3-73,T cell follicular helper,0.7431783934585625
231,CHOL,IGHJ2,T cell follicular helper,0.7198429177357245
232,CHOL,IGLVI-63,T cell CD4+ naive,0.7171371656006361
233,CHOL,IGKV2-4,T cell CD4+ naive,0.7171371656006361
234,CHOL,TRBV7-1,T cell CD4+ naive,0.7171371656006361
235,CHOL,TRAV36DV7,T cell CD4+ naive,0.7171371656006361
236,CHOL,TRAJ35,T cell CD4+ naive,0.7171371656006361
237,CHOL,IGHJ2,T cell CD4+ memory resting,0.709343230901659
238,CHOL,TRBV7-3,T cell CD8+,0.7033580204510722
239,CHOL,TRBV12-4,T cell follicular helper,0.6965639711550377
240,CHOL,IGHV3-33,Macrophage M2,0.695508470572663
241,CHOL,IGHV3-9,T cell CD8+,0.6922639651605098
242,CHOL,TRAJ4,T cell CD8+,0.6911085697130582
243,CHOL,TRBJ1-1,Macrophage M1,0.6856475043302994
244,CHOL,IGHV3-30,T cell CD8+,0.6853456533074948
245,CHOL,IGLV9-49,T cell CD8+,0.6824741115910445
246,CHOL,IGHJ4,T cell CD4+ memory resting,0.6798324275590995
247,CHOL,IGHV3-74,T cell follicular helper,0.6778712460147117
248,CHOL,TRBV21-1,T cell CD4+ naive,0.6761578989948855
249,CHOL,TRBV5-5,T cell CD4+ naive,0.6761578989948855
250,CHOL,TRBV7-5,T cell CD4+ naive,0.6761578989948855
251,CHOL,IGHV2-10,T cell CD4+ naive,0.6761578989948855
252,CHOL,IGHV3-48,T cell follicular helper,0.6755633738322412
253,CHOL,IGHV3-20,T cell CD4+ memory resting,0.6739442723585729
254,CHOL,IGHV3-30,Macrophage M1,0.672511350294372
255,CHOL,IGHV3-22,T cell CD8+,0.6700456028664614
256,CHOL,TRAJ40,T cell CD8+,0.6674409664042784
257,CHOL,IGHV3-11,T cell CD4+ memory resting,0.6661162095869064
258,CHOL,IGHV3-43,T cell follicular helper,0.6606431819248683
259,CHOL,TRAV39,T cell CD4+ memory activated,0.6602598431664769
260,CHOL,IGHV3-22,T cell regulatory (Tregs),0.6592159568110937
261,CHOL,IGHV3-38,T cell CD8+,0.6582888020189223
262,CHOL,IGHV3-11,T cell follicular helper,0.657870820048836
263,CHOL,TRAJ43,T cell regulatory (Tregs),0.6555903811243571
264,CHOL,IGHV3-7,Macrophage M1,0.6549760014932384
265,CHOL,IGLV5-48,T cell regulatory (Tregs),0.6538286783886357
266,CHOL,TRBJ1-1,T cell follicular helper,0.6532031615462813
267,CHOL,TRBV20-1,Macrophage M1,0.6466025708121685
268,CHOL,IGLV1-41,T cell follicular helper,0.6456582458275356
269,CHOL,IGHV3-9,Macrophage M1,0.6456179866546086
270,CHOL,IGHV3-7,T cell CD8+,0.6451217231141814
271,CHOL,TRBV12-4,T cell CD8+,0.6420841074892807
272,CHOL,IGHV1-46,T cell follicular helper,0.6390234126154001
273,CHOL,IGHV5-10-1,T cell follicular helper,0.6371419773630054
274,CHOL,TRBJ2-2,Macrophage M2,0.6361633327065123
275,CHOL,IGHV4-31,T cell regulatory (Tregs),0.6330981567714392
276,CHOL,TRAJ15,B cell memory,0.6327443488134957
277,CHOL,TRAJ34,T cell follicular helper,0.6325781565990853
278,CHOL,IGLV5-48,T cell CD8+,0.6317805281121198
279,CHOL,IGHV2-5,T cell CD4+ memory resting,0.6314502595357268
280,CHOL,IGHV3-20,T cell follicular helper,0.6307091908997269
281,CHOL,IGHV4-61,T cell follicular helper,0.6300798318852473
282,CHOL,IGHV1-69,T cell follicular helper,0.6297576747380388
283,CHOL,IGHV3-43,T cell CD4+ memory resting,0.6296334094935933
284,CHOL,TRAV20,T cell CD8+,0.6288419540229973
285,CHOL,IGLVI-70,T cell regulatory (Tregs),0.6284478300715202
286,CHOL,IGHV3-66,T cell follicular helper,0.6283403230325879
287,CHOL,IGHV3-47,T cell CD4+ memory resting,0.6263102951663729
288,CHOL,IGHV1-69,T cell CD4+ memory resting,0.6248594968461947
289,CHOL,IGHV3-20,T cell regulatory (Tregs),0.6228862665924438
290,CHOL,TRAJ40,T cell follicular helper,0.6224949302846614
291,CHOL,TRAJ6,Macrophage M1,0.6214347930568763
292,CHOL,IGHV3-35,T cell follicular helper,0.6211143353185299
293,CHOL,TRAJ34,T cell CD8+,0.6203536366957274
294,CHOL,IGHV4-61,T cell CD8+,0.6198231295980331
295,CHOL,IGHJ2,T cell CD8+,0.6186509420795842
296,CHOL,TRAJ49,T cell CD8+,0.6172793493014976
297,CHOL,IGHV3-48,T cell CD8+,0.6157614889036992
298,CHOL,IGHV4-59,Macrophage M1,0.610762242024239
299,CHOL,IGHJ2,Macrophage M1,0.6089420567036722
300,CHOL,TRBV7-3,T cell follicular helper,0.6089225595724153
301,CHOL,TRAV1-1,T cell CD8+,0.6079748700593546
302,CHOL,IGHV3-9,T cell regulatory (Tregs),0.6078524287896901
303,CHOL,IGHV2-26,T cell CD8+,0.6075686461548002
304,CHOL,IGHV3-47,T cell regulatory (Tregs),0.6070516040054948
305,CHOL,IGLV9-49,T cell regulatory (Tregs),0.6051218500986278
306,CHOL,TRBV18,T cell CD8+,0.6046149158618188
307,CHOL,TRGJ2,T cell regulatory (Tregs),0.6030883605656473
308,CHOL,TRAV26-2,T cell follicular helper,0.6023799388222378
309,CHOL,IGHV3-66,T cell CD8+,0.6020983536400466
310,CHOL,IGHJ2,T cell regulatory (Tregs),0.6010761496390697
311,CHOL,IGHJ4,T cell follicular helper,0.6009647818177448
312,CHOL,IGHV3-7,T cell CD4+ memory resting,0.6009291825129389
313,CHOL,TRGJ2,T cell CD8+,0.6008273554583322
314,CHOL,IGHV3-22,T cell follicular helper,0.5991328853289974
315,CHOL,IGHV1-8,Macrophage M1,0.5988638123656596
316,CHOL,IGHV3-60,T cell CD8+,0.5986546454467138
317,CHOL,TRAV26-2,T cell CD8+,0.5986546454467138
318,CHOL,IGHV3-74,T cell CD8+,0.5979525834226465
319,CHOL,IGHV3-7,T cell regulatory (Tregs),0.5960373931928293
320,CHOL,TRAV13-2,T cell follicular helper,0.595904596889012
321,CHOL,TRAJ40,T cell regulatory (Tregs),0.5956116968144415
322,CHOL,IGHV4-39,T cell CD4+ memory resting,0.5953196410127682
323,CHOL,TRAV1-1,T cell follicular helper,0.594888732658426
324,CHOL,IGHV4-61,Macrophage M1,0.5947027801868299
325,CHOL,TRAV8-5,T cell CD4+ naive,0.5939221843223531
326,CHOL,IGLV4-3,T cell CD4+ naive,0.5939221843223531
327,CHOL,TRAJ4,T cell follicular helper,0.5932804160093833
328,CHOL,TRAJ17,T cell CD8+,0.5931620757431774
329,CHOL,TRAJ52,Macrophage M2,0.5929759151935331
330,CHOL,IGHV4-59,T cell follicular helper,0.5927991140925208
331,CHOL,IGHJ4,Macrophage M1,0.5923577264057694
332,CHOL,TRGJ2,T cell follicular helper,0.5922030393512748
333,CHOL,IGHV3-33,T cell follicular helper,0.5914048130882257
334,CHOL,TRAV12-1,T cell regulatory (Tregs),0.5899298060401417
335,CHOL,TRBV30,T cell regulatory (Tregs),0.5889609359162028
336,CHOL,IGHV3-20,Monocyte,0.5889235052062782
337,CHOL,IGHV4-55,T cell CD4+ memory resting,0.5876443134565661
338,CHOL,IGHV5-10-1,T cell CD8+,0.5853100129727686
339,CHOL,TRAV8-6,T cell regulatory (Tregs),0.5851063896938055
340,CHOL,IGHV4-59,T cell regulatory (Tregs),0.5846447218302893
341,CHOL,IGHV5-78,T cell CD8+,0.5828531091861435
342,CHOL,IGLV3-27,T cell CD4+ memory resting,0.5825165271262296
343,CHOL,IGHV5-51,T cell follicular helper,0.58234361799806
344,CHOL,IGHV1-3,T cell follicular helper,0.5806462881710243
345,CHOL,IGHV5-51,Macrophage M2,0.5795548736637667
346,CHOL,TRAJ53,T cell follicular helper,0.5791499998383903
347,CHOL,IGLV5-48,T cell follicular helper,0.5784484056091488
348,CHOL,IGHV1-8,T cell CD4+ memory resting,0.5776817571576266
349,CHOL,TRAV13-1,T cell regulatory (Tregs),0.5773865721178213
350,CHOL,IGHV3-9,Macrophage M2,0.5763612788644411
351,CHOL,IGHV3-38,T cell follicular helper,0.5756082334048486
352,CHOL,IGHV3-48,Macrophage M1,0.5755908686577803
353,CHOL,TRAV5,T cell CD4+ memory activated,0.5746204653902287
354,CHOL,TRAV35,T cell CD8+,0.57452663619777
355,CHOL,IGHV4-61,T cell regulatory (Tregs),0.5734542242323973
356,CHOL,TRAV30,T cell regulatory (Tregs),0.5731217672275095
357,CHOL,TRAV41,T cell CD8+,0.5724300914433189
358,CHOL,TRAV30,T cell CD8+,0.5723025516566668
359,CHOL,TRAV20,T cell regulatory (Tregs),0.5722164260302305
360,CHOL,TRBV18,T cell follicular helper,0.5720764120541048
361,CHOL,TRDV1,NK cell activated,0.5715703704341197
362,CHOL,IGKV1-12,NK cell activated,0.5715393603340505
363,CHOL,IGHV3-60,T cell regulatory (Tregs),0.5714232291341057
364,CHOL,TRAV12-1,T cell CD8+,0.5713514622335947
365,CHOL,TRAJ4,T cell regulatory (Tregs),0.5711534304456711
366,CHOL,IGHV3-43,Macrophage M1,0.5705731150827499
367,CHOL,IGHV3-73,T cell CD8+,0.5683500155494146
368,CHOL,IGHV1-24,T cell follicular helper,0.5680693877184703
369,CHOL,TRAV20,T cell follicular helper,0.5680090990781403
370,CHOL,IGLV10-67,B cell memory,0.5678361548056965
371,CHOL,IGHV1-58,T cell follicular helper,0.5672897219807493
372,CHOL,IGHV1-67,T cell regulatory (Tregs),0.5667014337634224
373,CHOL,IGLV8-61,Monocyte,0.5666658603330584
374,CHOL,IGLV9-49,T cell CD4+ memory resting,0.5661532567322358
375,CHOL,TRAV13-1,T cell follicular helper,0.5654123795005433
376,CHOL,IGHV3-72,T cell CD4+ memory resting,0.5643523896733476
377,CHOL,IGLV8-61,T cell CD4+ memory resting,0.5630546435921546
378,CHOL,IGHV1-8,T cell follicular helper,0.562922221352484
379,CHOL,TRBV11-1,T cell regulatory (Tregs),0.5624212114540311
380,CHOL,TRAV14DV4,T cell follicular helper,0.561861011541902
381,CHOL,IGHV3-9,T cell CD4+ memory resting,0.5618588736240167
382,CHOL,TRBV30,T cell CD8+,0.5614421786446118
383,CHOL,IGHV5-51,T cell regulatory (Tregs),0.5612589329570777
384,CHOL,IGHV1-18,T cell follicular helper,0.5611760105655681
385,CHOL,TRAJ36,T cell follicular helper,0.561029182353921
386,CHOL,TRAV41,T cell regulatory (Tregs),0.5603689289523487
387,CHOL,TRBJ2-2,T cell follicular helper,0.5601272844317514
388,CHOL,TRBV24-1,T cell CD4+ naive,0.5599837737896473
389,CHOL,IGLV11-55,T cell CD4+ naive,0.5599837737896473
390,CHOL,TRBV15,T cell CD4+ naive,0.5599837737896473
391,CHOL,TRAV34,T cell CD4+ naive,0.5599837737896473
392,CHOL,IGLV2-33,T cell CD4+ naive,0.5599837737896473
393,CHOL,IGHV1-46,Macrophage M2,0.559883298317477
394,CHOL,IGHV3-65,B cell plasma,0.5593761378156187
395,CHOL,IGKV1-37,NK cell activated,0.5589356900724036
396,CHOL,IGHV4-31,T cell follicular helper,0.558455262687179
397,CHOL,IGLV5-45,B cell memory,0.5582217690118135
398,CHOL,IGHV4-59,T cell CD8+,0.557993317883329
399,CHOL,TRAJ37,Macrophage M1,0.5579437447963503
400,CHOL,IGHV1-46,Macrophage M1,0.5578350204650052
401,CHOL,TRAV8-6,T cell CD8+,0.5577488592435579
402,CHOL,IGHV3-72,B cell memory,0.5569842128765345
403,CHOL,TRAJ20,T cell follicular helper,0.5565145189286762
404,CHOL,TRAV4,T cell regulatory (Tregs),0.5562518970652524
405,CHOL,IGHV3-66,Macrophage M1,0.555967301555364
406,CHOL,IGHV3-60,T cell follicular helper,0.5558137716281872
407,CHOL,IGLV5-45,T cell regulatory (Tregs),0.5550827570315848
408,CHOL,TRAJ28,T cell regulatory (Tregs),0.554744602609663
409,CHOL,IGHV3-47,Macrophage M1,0.554536897680906
410,CHOL,TRAV3,T cell regulatory (Tregs),0.5544290482282012
411,CHOL,IGHV3-21,T cell follicular helper,0.55400372068939
412,CHOL,IGHJ1,T cell CD4+ memory resting,0.553288110726961
413,CHOL,TRAJ43,T cell CD8+,0.5530736310957901
414,CHOL,IGHV3-43,Monocyte,0.5529587109952078
415,CHOL,TRAV12-3,T cell CD8+,0.55254829963177
416,CHOL,IGHV3-42,T cell CD4+ memory resting,0.5521951036397429
417,CHOL,TRAJ53,T cell CD4+ memory resting,0.5520232790777323
418,CHOL,IGHV1-3,T cell CD4+ memory resting,0.5517498091442103
419,CHOL,IGHV4-31,Monocyte,0.5513270747269793
420,CHOL,TRAV1-2,T cell CD8+,0.5509708902400059
421,CHOL,TRGJ2,Macrophage M1,0.5508379964985982
422,CHOL,IGHV3-47,T cell CD8+,0.5501482899228191
423,CHOL,IGLV5-52,T cell regulatory (Tregs),0.5501065624932556
424,CHOL,TRAV12-2,T cell follicular helper,0.5500319909390001
425,CHOL,TRBJ1-6,T cell regulatory (Tregs),0.5498179179934419
426,CHOL,IGLJ6,T cell regulatory (Tregs),0.5483554254672548
427,CHOL,TRAJ52,T cell follicular helper,0.5483349341341371
428,CHOL,TRBJ1-2,Macrophage M1,0.5483290538368525
429,CHOL,IGLV3-10,T cell follicular helper,0.5477392548647144
430,CHOL,IGHV4-28,T cell regulatory (Tregs),0.5476401500250309
431,CHOL,IGHV3-72,Macrophage M2,0.5476227344652607
432,CHOL,IGHV5-10-1,B cell memory,0.5473490281768085
433,CHOL,TRGV10,NK cell activated,0.5470756124390524
434,CHOL,TRBV6-5,T cell follicular helper,0.5456966563883257
435,CHOL,IGHV5-10-1,T cell regulatory (Tregs),0.5455044682508351
436,CHOL,TRAV29DV5,T cell follicular helper,0.5447202426233391
437,CHOL,IGLV9-49,Macrophage M1,0.5445767394736464
438,CHOL,IGHV3-7,Macrophage M2,0.5436507499388546
439,CHOL,IGHV1-24,T cell CD8+,0.5432677318406465
440,CHOL,TRAV12-2,Myeloid dendritic cell resting,0.543261093887495
441,CHOL,IGLV3-31,T cell regulatory (Tregs),0.5431128214325464
442,CHOL,IGHV3-11,Macrophage M2,0.5424127383945484
443,CHOL,TRBJ1-3,T cell follicular helper,0.5414831448870691
444,CHOL,TRAJ37,T cell CD4+ memory resting,0.5409994811575973
445,CHOL,TRDV1,T cell regulatory (Tregs),0.5408777892455812
446,CHOL,IGHJ6,T cell follicular helper,0.5408683627140908
447,CHOL,IGHV3-41,T cell CD8+,0.5400312481030799
448,CHOL,IGHV1-67,B cell memory,0.539934110510194
449,CHOL,TRBJ1-3,Macrophage M2,0.5398568444592996
450,CHOL,IGKV5-2,T cell regulatory (Tregs),0.5396751267016705
451,CHOL,IGHJ2,Macrophage M2,0.5395599870265586
452,CHOL,TRAV27,T cell follicular helper,0.5395344969196387
453,CHOL,TRBV29-1,T cell CD8+,0.5393171441276788
454,CHOL,TRBJ2-2,T cell regulatory (Tregs),0.5391923122151122
455,CHOL,IGHV3-22,NK cell activated,0.5387577404904751
456,CHOL,TRAV2,T cell CD8+,0.5385190618564272
457,CHOL,TRBV7-3,T cell regulatory (Tregs),0.5381459504324874
458,CHOL,IGHJ1,Macrophage M1,0.5379832226323835
459,CHOL,TRAV38-1,T cell CD4+ memory resting,0.5376074353936867
460,CHOL,TRBV4-1,T cell CD8+,0.5375036267932158
461,CHOL,IGHV5-51,B cell memory,0.5370826294544851
462,CHOL,TRAV27,T cell CD8+,0.5368266700844083
463,CHOL,TRAV3,T cell CD8+,0.5355302478552785
464,CHOL,IGLV1-41,T cell CD4+ memory resting,0.5354674433592149
465,CHOL,TRAJ48,T cell follicular helper,0.5354339717670691
466,CHOL,IGHV3-30,T cell regulatory (Tregs),0.5349606477658101
467,CHOL,IGLV5-52,T cell CD8+,0.534480266110831
468,CHOL,TRBV2,Monocyte,0.5343769006528214
469,CHOL,IGHV1-2,T cell follicular helper,0.5331868034668337
470,CHOL,IGLV1-50,T cell regulatory (Tregs),0.532031633057352
471,CHOL,TRAJ20,T cell CD8+,0.5319338013782835
472,CHOL,IGHV5-78,NK cell activated,0.5316091761323305
473,CHOL,IGHV7-4-1,T cell regulatory (Tregs),0.5310383624079072
474,CHOL,IGHV3-72,T cell regulatory (Tregs),0.5306999058353081
475,CHOL,TRAJ53,T cell CD8+,0.5303422441268192
476,CHOL,IGHV1-3,T cell regulatory (Tregs),0.5302230824623321
477,CHOL,IGHV3-74,T cell CD4+ memory resting,0.5299228109249119
478,CHOL,TRBV7-3,NK cell activated,0.52982092971733
479,CHOL,IGHV3-47,Monocyte,0.5297525487803499
480,CHOL,IGHV2-26,T cell regulatory (Tregs),0.529346079544912
481,CHOL,IGLJ6,T cell CD8+,0.5292329613244979
482,CHOL,IGHV4-55,Macrophage M1,0.5290989629564442
483,CHOL,TRAV8-7,B cell memory,0.5289805713606082
484,CHOL,TRBV6-5,Macrophage M1,0.5286412326094769
485,CHOL,TRAV12-3,T cell regulatory (Tregs),0.5282282586199453
486,CHOL,IGHV3-15,Monocyte,0.5280984220994035
487,CHOL,IGHV4-34,Macrophage M1,0.5280124375726931
488,CHOL,IGHV2-70,T cell CD4+ memory resting,0.5278752019952979
489,CHOL,TRBV11-1,T cell CD8+,0.5277853748636278
490,CHOL,TRBV14,T cell CD8+,0.5275128090131049
491,CHOL,IGHV3-11,Macrophage M1,0.5272074345172043
492,CHOL,IGHJ3,Macrophage M2,0.5271675318215604
493,CHOL,IGLV2-18,T cell regulatory (Tregs),0.5271557406462349
494,CHOL,TRAJ53,T cell regulatory (Tregs),0.5269483774938464
495,CHOL,TRAJ15,T cell regulatory (Tregs),0.5265984275226915
496,CHOL,IGHV1-24,Macrophage M1,0.5264345214215557
497,CHOL,IGHV3-60,B cell plasma,0.5258524092777134
498,CHOL,TRAJ16,Macrophage M1,0.525695316850661
499,CHOL,IGHV5-51,T cell CD4+ memory resting,0.525077350915851
500,CHOL,TRAJ56,T cell CD8+,0.5243609766487786
501,CHOL,TRAV38-2DV8,T cell CD8+,0.52410505022097
502,CHOL,TRAV38-1,Monocyte,0.523928592480699
503,CHOL,IGHV3-74,T cell regulatory (Tregs),0.5237497583177355
504,CHOL,IGHV3-11,T cell regulatory (Tregs),0.5237041072959792
505,CHOL,IGHV1-46,T cell CD4+ memory resting,0.5237013620507674
506,CHOL,TRAV13-1,T cell CD8+,0.523665610547783
507,CHOL,TRAJ6,T cell CD8+,0.5232994108201272
508,CHOL,IGLV3-10,NK cell activated,0.5228069162353627
509,CHOL,IGHV1-2,NK cell activated,0.5224481729708588
510,CHOL,TRGV10,T cell regulatory (Tregs),0.5221552020206253
511,CHOL,IGHV1-45,NK cell activated,0.5214653198706958
512,CHOL,IGHV3-38,Macrophage M1,0.5210001012529587
513,CHOL,IGHV1-24,T cell CD4+ memory resting,0.5209353627628399
514,CHOL,TRAV13-1,Macrophage M1,0.5208913336141836
515,CHOL,IGHV3-47,Macrophage M2,0.5207593864830127
516,CHOL,IGLV3-9,Macrophage M0,0.5204072027988774
517,CHOL,IGHV1-69,Macrophage M1,0.5201394996447918
518,CHOL,IGLV1-47,T cell follicular helper,0.5198573584434879
519,CHOL,IGHV3-65,T cell CD4+ memory resting,0.5196777545863722
520,CHOL,TRAJ12,T cell regulatory (Tregs),0.5195215882808458
521,CHOL,IGHV1-67,T cell CD8+,0.5187963295496486
522,CHOL,IGHJ2,Monocyte,0.5186685414299809
523,CHOL,IGHV3-47,T cell follicular helper,0.5184939845881407
524,CHOL,TRAJ20,T cell regulatory (Tregs),0.5184606183932744
525,CHOL,IGHJ3,T cell follicular helper,0.5184147673882714
526,CHOL,IGHV3-41,T cell regulatory (Tregs),0.5183887066377886
527,CHOL,TRBV27,T cell CD8+,0.5183213980341498
528,CHOL,IGHV3-35,T cell CD4+ memory resting,0.5182833878703232
529,CHOL,TRAV3,T cell follicular helper,0.5181736399401103
530,CHOL,IGHV6-1,Monocyte,0.5178050532921951
531,CHOL,IGHV1-24,T cell regulatory (Tregs),0.5174574283118674
532,CHOL,IGHV3-43,Macrophage M2,0.517226078169987
533,CHOL,IGHV7-4-1,T cell CD8+,0.5171949255289886
534,CHOL,IGLV5-48,Macrophage M2,0.517193631215721
535,CHOL,IGHV1-45,T cell CD8+,0.5170841304422241
536,CHOL,TRAV35,T cell follicular helper,0.5168360733497538
537,CHOL,IGHV1-3,Macrophage M1,0.51664095413337
538,CHOL,IGLV5-37,T cell follicular helper,0.5161891178925297
539,CHOL,TRAJ49,T cell follicular helper,0.5158823190111672
540,CHOL,IGHV1-69,T cell CD8+,0.5156675538459976
541,CHOL,IGHV1-69D,T cell follicular helper,0.5153857591255623
542,CHOL,TRBV2,Mast cell activated,0.5152743113356589
543,CHOL,IGHV3-66,T cell regulatory (Tregs),0.5151896098419151
544,CHOL,TRBV11-2,T cell follicular helper,0.5151340303906049
545,CHOL,IGLV1-36,T cell CD4+ memory resting,0.5148297475657874
546,CHOL,TRAJ24,B cell memory,0.5144554317963957
547,CHOL,IGKV1-16,Neutrophil,0.5141278442749059
548,CHOL,IGHV3-65,Macrophage M2,0.5141197727413673
549,CHOL,TRAV13-2,T cell CD4+ memory resting,0.5140180703802268
550,CHOL,IGHV1-3,Monocyte,0.5138943173457713
551,CHOL,IGLV3-31,T cell follicular helper,0.5137179564847656
552,CHOL,IGLV1-50,T cell CD8+,0.5136597322273749
553,CHOL,TRAJ42,T cell follicular helper,0.512614867947468
554,CHOL,TRBJ1-4,T cell follicular helper,0.512614867947468
555,CHOL,TRAJ21,T cell follicular helper,0.5121277555822836
556,CHOL,IGHV5-10-1,T cell CD4+ memory resting,0.5115726942128612
557,CHOL,IGHV3-66,T cell CD4+ memory resting,0.5104315186680908
558,CHOL,IGHV3-22,T cell CD4+ memory resting,0.5102810509898295
559,CHOL,IGHV3-33,Myeloid dendritic cell resting,0.5100549786811669
560,CHOL,TRAJ52,T cell CD8+,0.5097484017321052
561,CHOL,IGLJ2,Myeloid dendritic cell resting,0.509682490039269
562,CHOL,IGLVI-70,T cell CD8+,0.5096519998577835
563,CHOL,TRAV26-2,T cell regulatory (Tregs),0.5095873386280682
564,CHOL,TRAV26-2,Macrophage M1,0.5095428299695733
565,CHOL,IGHV3-72,Monocyte,0.5090173000685704
566,CHOL,IGLV3-31,T cell CD8+,0.508502545759032
567,CHOL,IGKV1-35,NK cell activated,0.5080779343369606
568,CHOL,TRBV27,T cell follicular helper,0.5073972642985437
569,CHOL,IGHV5-78,T cell gamma delta,0.5073174580405541
570,CHOL,IGHV4-34,T cell follicular helper,0.5072935052852275
571,CHOL,TRAJ52,T cell regulatory (Tregs),0.5070079457533747
572,CHOL,TRAV30,T cell follicular helper,0.5068109357976767
573,CHOL,TRAV23DV6,Macrophage M1,0.506762499986635
574,CHOL,TRAV14DV4,T cell regulatory (Tregs),0.506450534874779
575,CHOL,TRAJ56,T cell follicular helper,0.5063828860208205
576,CHOL,IGHV1-2,Monocyte,0.5062680318143843
577,CHOL,IGHV4-55,T cell follicular helper,0.5061612635658361
578,CHOL,IGHV3-73,T cell CD4+ memory resting,0.5053326542201363
579,CHOL,TRBV28,T cell follicular helper,0.5049195029867092
580,CHOL,TRAJ39,T cell CD8+,0.5048726720086747
581,CHOL,TRAV23DV6,T cell follicular helper,0.503993129630355
582,CHOL,IGLV1-41,Monocyte,0.5039201399627187
583,CHOL,IGHJ5,T cell CD4+ memory resting,0.5039063260762484
584,CHOL,IGHV4-34,T cell CD4+ memory resting,0.5036180500467342
585,CHOL,TRBV12-4,Macrophage M1,0.5034821031255132
586,CHOL,TRAV20,Macrophage M1,0.5032236557129853
587,CHOL,IGHJ6,Monocyte,0.5024660965217733
588,CHOL,TRBV12-4,T cell regulatory (Tregs),0.5022600458155314
589,CHOL,IGHV2-70,T cell follicular helper,0.5020202840312246
590,CHOL,IGHV1-2,T cell CD4+ memory resting,0.5019370276495128
591,CHOL,TRAJ36,T cell CD8+,0.5017970176830887
592,CHOL,TRAJ27,T cell follicular helper,0.5013726235142031
593,CHOL,TRAJ42,Macrophage M1,0.5011697030447737
594,CHOL,TRBJ1-3,T cell CD8+,0.5009868548220335
595,CHOL,IGHV3-53,T cell CD4+ memory resting,0.5008794994298397
596,CHOL,IGHV3-41,B cell plasma,0.5006708681402606
597,THCA,IGHV4-61,Macrophage M1,0.6135908135361214
598,THCA,IGHV3-30,Macrophage M1,0.60583377901971
599,THCA,IGHV3-66,Macrophage M1,0.6057789402203877
600,THCA,IGHV4-4,Macrophage M1,0.5983450706648149
601,THCA,IGHV3-64,Macrophage M1,0.5928159536651504
602,THCA,IGHV1-3,Macrophage M1,0.5924950511084407
603,THCA,IGHJ2P,Macrophage M1,0.5918422782114083
604,THCA,IGHV3-48,Macrophage M1,0.581903159275073
605,THCA,IGHV1-2,Macrophage M1,0.5817456193216441
606,THCA,IGHJ1,Macrophage M1,0.5805535276688516
607,THCA,IGHJ2P,T cell CD8+,0.5772949065669252
608,THCA,IGHJ4,Macrophage M1,0.5750757923764473
609,THCA,IGHV4-31,Macrophage M1,0.5727359176582426
610,THCA,IGHV4-61,T cell CD8+,0.5700536787165453
611,THCA,IGHV3-73,Macrophage M1,0.5696126026071933
612,THCA,IGHV4-59,Macrophage M1,0.56588848535131
613,THCA,IGHV3-66,T cell follicular helper,0.5657639421113583
614,THCA,IGHV3-64,T cell CD8+,0.5643693619589344
615,THCA,IGHV3-16,T cell follicular helper,0.5642408248105744
616,THCA,IGHV3-72,Macrophage M1,0.5640615254140876
617,THCA,IGHV4-4,T cell CD8+,0.5637289489638803
618,THCA,IGLV9-49,Macrophage M1,0.5632925289083621
619,THCA,IGHV3-13,Macrophage M1,0.5621007307319675
620,THCA,IGHJ2,Macrophage M1,0.5620720325641441
621,THCA,IGHV4-61,T cell follicular helper,0.5611695661488961
622,THCA,IGHV3-21,Macrophage M1,0.5608062490432303
623,THCA,IGHV3-38,Macrophage M1,0.5600428571775005
624,THCA,IGHV3-49,Macrophage M1,0.5546339063978902
625,THCA,IGHV3-16,Macrophage M1,0.5544886059427858
626,THCA,IGHV4-4,T cell follicular helper,0.5543474946693614
627,THCA,IGHV3-41,Macrophage M1,0.5538454674075227
628,THCA,IGHV3-48,T cell follicular helper,0.5528406995845438
629,THCA,IGHV4-39,Macrophage M1,0.5523543896284413
630,THCA,IGHV7-81,Macrophage M1,0.5520753580891894
631,THCA,IGHV1-46,Macrophage M1,0.5512837548633611
632,THCA,IGHV2-26,Macrophage M1,0.5483323920052242
633,THCA,IGHV3-66,T cell CD8+,0.5471096328847852
634,THCA,IGHV3-43,Macrophage M1,0.5470776900786906
635,THCA,IGHV3-41,T cell follicular helper,0.5463473542944483
636,THCA,IGHV1-8,Macrophage M1,0.5460736421227422
637,THCA,IGHV3-38,T cell CD8+,0.5445392566575601
638,THCA,IGHV3-35,Macrophage M1,0.5412028124730666
639,THCA,IGHV1-69D,T cell follicular helper,0.5406975691408112
640,THCA,IGHV4-34,Macrophage M1,0.5403506528184927
641,THCA,IGHV3-49,T cell CD8+,0.5402902129931206
642,THCA,IGHV3-74,Macrophage M1,0.5402026668121886
643,THCA,IGHV3-7,Macrophage M1,0.5399668769389622
644,THCA,IGLV2-5,Macrophage M1,0.5399653645570598
645,THCA,IGHV3-16,T cell CD8+,0.5393936763243475
646,THCA,IGHV3-42,Macrophage M1,0.5383752212569649
647,THCA,IGHV2-70,Macrophage M1,0.537826191845201
648,THCA,IGHV4-30-2,Macrophage M1,0.5377179857942163
649,THCA,IGHV3-22,Macrophage M1,0.5374723528769959
650,THCA,IGHV2-5,Macrophage M1,0.5370366011844019
651,THCA,IGHV6-1,Macrophage M1,0.5334910025333413
652,THCA,IGHV7-4-1,Macrophage M1,0.5331216673643404
653,THCA,IGLJ6,Macrophage M1,0.5329036044570973
654,THCA,IGHV3-30,T cell CD8+,0.5324786552832882
655,THCA,IGHV3-30,T cell follicular helper,0.532265496718776
656,THCA,IGHV3-41,T cell CD8+,0.5311919694107109
657,THCA,IGHV4-31,T cell follicular helper,0.5306719077519746
658,THCA,IGHV1-67,Macrophage M1,0.5301315673449974
659,THCA,IGHV4-59,T cell CD8+,0.5296201274894183
660,THCA,IGHV1-69D,Macrophage M1,0.5292400036322631
661,THCA,IGHV1-2,T cell CD8+,0.5291830548488051
662,THCA,IGHV3-33,Macrophage M1,0.5288475629103229
663,THCA,IGHV3-65,Macrophage M1,0.5279416444776301
664,THCA,IGHV2-70,T cell CD8+,0.527900989946916
665,THCA,IGHV3-73,T cell CD8+,0.5278237586858319
666,THCA,IGHV1-58,T cell follicular helper,0.5273576087299049
667,THCA,IGHV1-3,T cell follicular helper,0.5263242059951935
668,THCA,IGHV3-42,NK cell activated,0.5262330131799716
669,THCA,IGHV2-70,T cell follicular helper,0.5262093545654534
670,THCA,IGHV3-7,NK cell activated,0.524756444235869
671,THCA,IGHV3-42,T cell CD8+,0.5242314922476181
672,THCA,IGHV1-58,Macrophage M1,0.5242297936503546
673,THCA,IGHV3-15,Macrophage M1,0.5233182422461047
674,THCA,IGHV3-49,T cell follicular helper,0.5231703847229174
675,THCA,IGHJ1,T cell follicular helper,0.5219354679346137
676,THCA,IGHV3-22,T cell CD8+,0.5217749443076405
677,THCA,IGHV1-69D,T cell CD8+,0.5205123152673582
678,THCA,IGHV3-11,Macrophage M1,0.5192685152059978
679,THCA,IGHJ2P,NK cell activated,0.5192282689624501
680,THCA,IGLJ6,T cell CD8+,0.5184182632777257
681,THCA,IGHV4-61,NK cell activated,0.5183151812996719
682,THCA,IGHV3-47,T cell follicular helper,0.5182813265097571
683,THCA,IGHV3-72,T cell CD8+,0.5174779010791545
684,THCA,IGHV3-20,Macrophage M1,0.5174430338549754
685,THCA,IGHV3-23,Macrophage M1,0.5166083738281556
686,THCA,IGHV3-73,T cell follicular helper,0.5160695073669789
687,THCA,IGHJ2P,T cell follicular helper,0.5156824493069534
688,THCA,IGHV3-7,T cell follicular helper,0.515121188526584
689,THCA,IGKV1-37,Macrophage M1,0.5147127940672188
690,THCA,IGHV3-9,Macrophage M1,0.5147038764016025
691,THCA,IGHV1-2,T cell follicular helper,0.5142026573788686
692,THCA,IGHV4-55,Macrophage M1,0.5139689810704583
693,THCA,IGLJ7,Macrophage M1,0.5138295591020083
694,THCA,IGHV7-56,T cell CD8+,0.513237122616736
695,THCA,IGHV3-47,T cell CD8+,0.5125320889917362
696,THCA,IGHV3-38,T cell follicular helper,0.5124848122755616
697,THCA,IGHV3-38,NK cell activated,0.5122391663939813
698,THCA,IGHV2-26,T cell follicular helper,0.5122344993437363
699,THCA,IGHV3-43,T cell CD8+,0.5116790143822866
700,THCA,IGHV3-65,T cell CD8+,0.5116015325556428
701,THCA,IGHV3-48,NK cell activated,0.5115925253528103
702,THCA,IGHV3-64,T cell follicular helper,0.5113462446108109
703,THCA,IGHV3-64,NK cell activated,0.5109385497061179
704,THCA,IGHV3-66,NK cell activated,0.5099982971343734
705,THCA,IGHV3-22,T cell follicular helper,0.5098867973516227
706,THCA,IGHV3-47,Macrophage M1,0.5088183860432648
707,THCA,IGHV3-48,T cell CD4+ memory resting,0.5087776102429905
708,THCA,IGHJ4,Macrophage M2,0.5081154534352592
709,THCA,IGHV3-13,T cell CD8+,0.508087093454577
710,THCA,IGHV2-26,T cell CD8+,0.5078064584831737
711,THCA,IGHV1-69D,NK cell activated,0.5077384973472256
712,THCA,IGHV4-31,T cell CD8+,0.5072264071253196
713,THCA,IGHV4-59,T cell follicular helper,0.5070768158723942
714,THCA,IGHV3-30,NK cell activated,0.5065001800965374
715,THCA,IGHJ4,T cell follicular helper,0.505886536888487
716,THCA,IGLV5-45,T cell follicular helper,0.5057970512575976
717,THCA,IGLV5-52,Macrophage M1,0.5056357390397557
718,THCA,IGHV3-73,NK cell activated,0.5055862190481583
719,THCA,IGHV3-60,T cell CD8+,0.5043875093189123
720,THCA,IGHV3-13,T cell follicular helper,0.5035698254524429
721,THCA,IGHV1-69,Macrophage M1,0.503211692554684
722,THCA,IGHV2-26,T cell CD4+ memory resting,0.5022880939556499
723,THCA,IGHV3-7,T cell CD8+,0.5022253974913923
724,THCA,IGHV3-48,T cell CD8+,0.5017549577241773
725,THCA,IGHV3-73,Macrophage M2,0.5011042762285779
726,THCA,IGHV1-3,T cell CD8+,0.5006229105379353
727,THCA,IGHV1-58,T cell CD8+,0.5003888627642075
728,THCA,IGHV5-10-1,Macrophage M1,0.5003489139871036
729,READ,IGHJ2P,T cell CD4+ memory resting,0.5677497070715222
730,READ,TRAJ48,Macrophage M1,0.5507727851498136
731,READ,IGHV3-15,Macrophage M2,0.5192470668796959
732,READ,IGHV3-64,T cell CD4+ memory resting,0.5172133527308802
733,READ,IGHV3-64,Macrophage M1,0.5167649845278331
734,READ,IGHV5-10-1,T cell CD8+,0.5137267231812136
735,READ,TRAJ50,T cell CD4+ memory resting,0.5131587999101109
736,READ,TRAJ48,Macrophage M2,0.5111469302698696
737,LGG,TRAV28,T cell CD4+ memory activated,0.6347465601487281
738,LGG,IGLV3-22,T cell CD4+ memory activated,0.51073105297771
739,DLBC,TRGV10,T cell CD8+,0.7775916056789118
740,DLBC,TRBV10-2,T cell CD8+,0.7151993563731113
741,DLBC,TRAV10,T cell follicular helper,0.7066503629177512
742,DLBC,TRAV8-6,T cell CD8+,0.6949538280779802
743,DLBC,TRAJ56,T cell follicular helper,0.6819172971143334
744,DLBC,TRAJ11,T cell CD8+,0.6789170211617984
745,DLBC,TRAJ49,T cell follicular helper,0.6714643923054254
746,DLBC,TRGJ2,T cell CD8+,0.6683552467812724
747,DLBC,TRBV7-2,T cell follicular helper,0.6682675616604117
748,DLBC,TRAV3,T cell CD8+,0.667588759356
749,DLBC,TRAV9-2,T cell follicular helper,0.6667737360657374
750,DLBC,TRAJ37,T cell follicular helper,0.6611427781589444
751,DLBC,TRBV6-8,Myeloid dendritic cell resting,0.659062885326757
752,DLBC,TRAJ13,T cell follicular helper,0.6578063601814684
753,DLBC,TRAJ40,Macrophage M2,0.6554745010383538
754,DLBC,TRAJ13,Macrophage M2,0.654364091922585
755,DLBC,TRAV8-3,Macrophage M2,0.6527272002007912
756,DLBC,TRAJ11,Macrophage M1,0.6455192363165537
757,DLBC,TRAJ9,T cell CD8+,0.6424493239964063
758,DLBC,TRAV8-3,T cell CD8+,0.6412467761900068
759,DLBC,TRAV26-2,T cell CD8+,0.6398102132660843
760,DLBC,TRAV3,T cell follicular helper,0.6388670443698021
761,DLBC,TRBV6-1,T cell follicular helper,0.6345597250909415
762,DLBC,TRAV26-2,T cell follicular helper,0.633929919524101
763,DLBC,TRAJ11,Macrophage M2,0.6315321298429041
764,DLBC,TRAJ8,T cell follicular helper,0.6315061427186275
765,DLBC,TRAJ37,Macrophage M2,0.6283476620856038
766,DLBC,TRBJ2-2,T cell CD8+,0.62767468797334
767,DLBC,TRGV10,NK cell activated,0.6275844492974035
768,DLBC,TRAV20,T cell CD8+,0.6263817822052099
769,DLBC,TRAJ21,T cell follicular helper,0.6249404984386959
770,DLBC,TRAV2,T cell follicular helper,0.6226564134199553
771,DLBC,TRAV17,T cell CD8+,0.6211057084960153
772,DLBC,TRBV5-6,T cell CD8+,0.6194860912064141
773,DLBC,TRBV5-7,T cell CD8+,0.6171905607410652
774,DLBC,TRAJ9,T cell follicular helper,0.6140213838677775
775,DLBC,TRAV20,NK cell activated,0.6126561788861126
776,DLBC,TRBV9,Macrophage M2,0.6119750146367283
777,DLBC,TRAJ18,T cell follicular helper,0.6111846349658906
778,DLBC,TRAJ49,Macrophage M2,0.6109470954960229
779,DLBC,TRBV5-6,T cell follicular helper,0.6103516543256633
780,DLBC,TRAV29DV5,T cell CD8+,0.6102704791858004
781,DLBC,TRAJ17,T cell CD8+,0.6082098146924744
782,DLBC,TRAJ11,T cell CD4+ memory activated,0.6061401688126639
783,DLBC,TRAV12-3,Macrophage M2,0.6051087070626252
784,DLBC,TRAV24,T cell follicular helper,0.6049508862708711
785,DLBC,TRBV9,T cell follicular helper,0.6048403759663137
786,DLBC,TRAV41,T cell follicular helper,0.6015597588279405
787,DLBC,TRAJ56,T cell CD8+,0.600868010400682
788,DLBC,TRAJ37,T cell CD8+,0.6007930027043947
789,DLBC,TRBV25-1,T cell follicular helper,0.6005417614976793
790,DLBC,TRAV30,T cell follicular helper,0.5995490306696103
791,DLBC,TRAJ45,Macrophage M2,0.599167469946014
792,DLBC,TRAV1-2,T cell CD8+,0.5989612939198762
793,DLBC,TRAJ36,Macrophage M2,0.5988765179942201
794,DLBC,TRGV10,Macrophage M2,0.5986390169747239
795,DLBC,TRAJ17,Macrophage M2,0.598228192172079
796,DLBC,TRBV5-6,Macrophage M2,0.5981343449976592
797,DLBC,TRBV28,T cell CD8+,0.5940141327227971
798,DLBC,TRAV38-2DV8,T cell CD8+,0.5935451073025463
799,DLBC,TRAV19,Macrophage M2,0.5934022443374355
800,DLBC,TRAV20,T cell follicular helper,0.5931805496437211
801,DLBC,TRAV16,T cell follicular helper,0.5927350961777836
802,DLBC,TRGV10,Macrophage M1,0.5918336109889496
803,DLBC,TRBV29-1,T cell CD8+,0.5905792644014078
804,DLBC,TRAJ29,Macrophage M2,0.590434408716965
805,DLBC,TRAJ34,T cell CD8+,0.5897614386106008
806,DLBC,TRAJ17,Macrophage M1,0.5890830184662418
807,DLBC,TRAV23DV6,T cell follicular helper,0.5889589692797168
808,DLBC,TRAJ50,T cell follicular helper,0.5888941058034771
809,DLBC,TRBV12-3,T cell follicular helper,0.5884192495632165
810,DLBC,TRBV12-4,T cell follicular helper,0.5873490786790256
811,DLBC,TRAV12-1,Macrophage M2,0.5855087444984046
812,DLBC,TRAJ16,T cell CD8+,0.5850564421349579
813,DLBC,TRAJ49,T cell CD8+,0.5846303994523011
814,DLBC,TRDV1,T cell follicular helper,0.583539344663325
815,DLBC,TRBV3-1,T cell follicular helper,0.5775810117311982
816,DLBC,TRAV24,T cell CD8+,0.5774127401998035
817,DLBC,TRBJ2-2,T cell follicular helper,0.574997369463724
818,DLBC,TRAV8-2,T cell CD8+,0.5743769570769232
819,DLBC,TRAV2,Macrophage M2,0.5736891352967027
820,DLBC,TRAV13-2,Macrophage M2,0.5736732595796722
821,DLBC,TRAJ27,T cell CD8+,0.5731715534799103
822,DLBC,TRAV12-3,T cell follicular helper,0.5730121144264243
823,DLBC,TRBJ2-2,Macrophage M2,0.572499269823062
824,DLBC,TRBJ2-4,T cell CD8+,0.5724126122838207
825,DLBC,TRAV26-2,Macrophage M2,0.5722724705790336
826,DLBC,TRAJ44,T cell CD8+,0.5721309891578608
827,DLBC,TRAV8-7,T cell follicular helper,0.5717132802483993
828,DLBC,TRAJ44,T cell follicular helper,0.571517593360518
829,DLBC,TRAJ35,T cell follicular helper,0.5714927353905165
830,DLBC,TRAJ40,T cell CD8+,0.5699729991241521
831,DLBC,TRAV21,Macrophage M2,0.5689820096165712
832,DLBC,TRAJ26,T cell CD8+,0.568005460202172
833,DLBC,TRAJ33,T cell follicular helper,0.567308017246307
834,DLBC,TRAJ40,T cell follicular helper,0.56719697633473
835,DLBC,TRAJ3,T cell follicular helper,0.5670416749386124
836,DLBC,TRAJ10,Macrophage M2,0.5669967685798714
837,DLBC,TRAJ10,T cell follicular helper,0.5669967685798714
838,DLBC,TRAJ45,T cell CD8+,0.5667562029424945
839,DLBC,TRAV3,Macrophage M1,0.5663529046327853
840,DLBC,TRBJ1-5,T cell CD8+,0.5652393489272387
841,DLBC,TRGJP2,Macrophage M2,0.56482545881076
842,DLBC,TRBV6-8,Eosinophil,0.5645842815483642
843,DLBC,TRAV14DV4,T cell follicular helper,0.5644633608149718
844,DLBC,TRAV3,Macrophage M2,0.5643871598808783
845,DLBC,TRBV6-6,T cell CD8+,0.563309304389797
846,DLBC,TRAV8-6,Macrophage M1,0.5630181956644448
847,DLBC,TRBV9,T cell CD8+,0.5628068458150337
848,DLBC,TRAJ12,T cell CD8+,0.5625883829488537
849,DLBC,TRAJ8,Macrophage M1,0.5624475611212771
850,DLBC,TRBJ1-4,T cell CD8+,0.5611407719445416
851,DLBC,TRAJ27,Macrophage M2,0.5611035624763856
852,DLBC,TRAV6,Macrophage M2,0.5606498620309548
853,DLBC,TRAJ44,Macrophage M2,0.5599188364653099
854,DLBC,TRBV29-1,T cell follicular helper,0.5598290146670657
855,DLBC,TRBV6-1,Macrophage M2,0.5596410818040692
856,DLBC,TRAJ6,T cell follicular helper,0.5592671801180837
857,DLBC,TRAV13-2,T cell CD8+,0.5589033749523706
858,DLBC,TRAV9-2,T cell CD8+,0.5588324553508422
859,DLBC,TRBJ2-7,T cell CD8+,0.5587884084608259
860,DLBC,TRAV41,T cell CD8+,0.5585137250274028
861,DLBC,TRGV2,T cell CD8+,0.5585129887668759
862,DLBC,TRAV8-6,T cell follicular helper,0.558492699038123
863,DLBC,TRAV29DV5,Macrophage M2,0.5576420512287066
864,DLBC,TRAV8-3,T cell follicular helper,0.5571556291831776
865,DLBC,TRAJ54,Macrophage M2,0.5557781277385596
866,DLBC,TRAJ9,Macrophage M2,0.5554509780385596
867,DLBC,TRAV38-2DV8,Macrophage M2,0.5550705080364637
868,DLBC,TRAJ53,Macrophage M2,0.554621368890837
869,DLBC,TRBJ1-3,T cell follicular helper,0.5541885687982727
870,DLBC,TRAJ40,Macrophage M1,0.5540941487686576
871,DLBC,TRAJ12,Macrophage M2,0.553910637458657
872,DLBC,TRBJ2-3,T cell CD8+,0.5537760125858333
873,DLBC,TRAJ56,Macrophage M2,0.5521293219057115
874,DLBC,TRAJ17,T cell follicular helper,0.552056217608462
875,DLBC,TRAJ30,T cell CD8+,0.5509850032445048
876,DLBC,TRAV9-2,Macrophage M1,0.5509731869484848
877,DLBC,TRAV17,Macrophage M2,0.5508812966550565
878,DLBC,TRAJ58,Macrophage M2,0.5498612812270108
879,DLBC,TRAV19,T cell CD8+,0.5486648703547855
880,DLBC,TRAJ58,Macrophage M1,0.5470998937506667
881,DLBC,TRGJ2,Macrophage M2,0.5470985713393138
882,DLBC,TRBV6-6,T cell follicular helper,0.5460109645468753
883,DLBC,TRBV11-3,T cell follicular helper,0.5454329576656605
884,DLBC,TRAJ8,T cell CD8+,0.5431701245505882
885,DLBC,TRAJ29,T cell CD8+,0.5422345598437658
886,DLBC,TRAV34,Macrophage M0,0.5419258046657882
887,DLBC,TRBV6-1,NK cell activated,0.540579635663577
888,DLBC,IGLV5-37,T cell follicular helper,0.5404743216874915
889,DLBC,TRAV13-2,T cell follicular helper,0.539483711831289
890,DLBC,TRAJ52,Macrophage M2,0.5381951077659289
891,DLBC,TRBV5-6,Macrophage M1,0.5378470615847043
892,DLBC,IGHV1-24,T cell follicular helper,0.5373414298744092
893,DLBC,TRAV38-2DV8,T cell follicular helper,0.5373214808678698
894,DLBC,TRBV10-2,Macrophage M1,0.5365145750913479
895,DLBC,TRAJ36,T cell CD8+,0.5362485351305729
896,DLBC,IGHV5-10-1,Macrophage M0,0.5357745217239529
897,DLBC,TRAJ43,T cell CD8+,0.5356678447962616
898,DLBC,TRAJ36,T cell follicular helper,0.5352209109814885
899,DLBC,TRAJ54,T cell CD8+,0.5351653267886979
900,DLBC,TRBV10-2,T cell follicular helper,0.5347887079186329
901,DLBC,TRAV29DV5,T cell follicular helper,0.5339592586480144
902,DLBC,TRAV2,Macrophage M1,0.533906743633853
903,DLBC,TRAV26-2,Macrophage M1,0.5335652942968524
904,DLBC,TRAV20,Macrophage M2,0.5333294983037801
905,DLBC,TRAJ13,T cell CD8+,0.5319970073648574
906,DLBC,TRAJ56,Macrophage M1,0.5312759526989081
907,DLBC,TRGV10,T cell CD4+ memory activated,0.5312648337509738
908,DLBC,TRAJ21,T cell CD8+,0.5312442544116606
909,DLBC,TRBJ2-4,T cell follicular helper,0.5309918001386598
910,DLBC,TRAV26-1,Macrophage M2,0.5290253435270368
911,DLBC,TRBV7-6,NK cell activated,0.5289579618362089
912,DLBC,TRAJ33,T cell CD8+,0.5287768209291277
913,DLBC,TRBV9,Macrophage M1,0.5279632616106831
914,DLBC,TRBV19,T cell CD8+,0.5276656349812084
915,DLBC,TRAV9-2,Macrophage M2,0.5271755420658221
916,DLBC,TRAV29DV5,Macrophage M1,0.5271614200368897
917,DLBC,TRAJ27,Macrophage M1,0.5266981842788365
918,DLBC,TRAJ36,Macrophage M1,0.526029383870233
919,DLBC,TRAV8-3,NK cell activated,0.525999809945647
920,DLBC,TRBV5-8,T cell follicular helper,0.5250319759553965
921,DLBC,TRBV5-4,T cell CD8+,0.5228096279820664
922,DLBC,TRAV2,T cell CD8+,0.5224678973058665
923,DLBC,TRBJ1-5,T cell follicular helper,0.5222201691919287
924,DLBC,TRBV10-3,T cell CD8+,0.5215696495664486
925,DLBC,TRAV41,Macrophage M2,0.521405075199353
926,DLBC,TRBV12-4,T cell CD8+,0.5210487076853608
927,DLBC,TRAJ22,T cell CD8+,0.5198153686345455
928,DLBC,TRBV6-2,T cell CD8+,0.5192671558433257
929,DLBC,TRBV15,T cell CD8+,0.5189501952876513
930,DLBC,TRAJ24,T cell follicular helper,0.5189315542311814
931,DLBC,TRAV35,T cell CD8+,0.5185630437515324
932,DLBC,TRAJ29,T cell follicular helper,0.5177773959343318
933,DLBC,TRAJ18,T cell regulatory (Tregs),0.5174192102524167
934,DLBC,TRBV5-5,Macrophage M2,0.5172081881720654
935,DLBC,TRBJ1-4,Macrophage M2,0.5164583578807892
936,DLBC,TRAV22,T cell CD8+,0.5160331553281523
937,DLBC,TRBV14,T cell follicular helper,0.5158897263833067
938,DLBC,TRAJ7,Macrophage M2,0.5158497737216952
939,DLBC,IGLV5-37,Macrophage M0,0.5150774970282455
940,DLBC,TRAJ23,Macrophage M2,0.5145013030796775
941,DLBC,TRAJ15,T cell follicular helper,0.5143698809626803
942,DLBC,TRAJ11,T cell follicular helper,0.5142687963862664
943,DLBC,TRAV34,Macrophage M1,0.5138410388840057
944,DLBC,TRAJ9,Macrophage M1,0.5138045988228835
945,DLBC,TRAJ41,T cell CD8+,0.5136978940812196
946,DLBC,TRAJ52,T cell follicular helper,0.5133621406107648
947,DLBC,TRGV2,Macrophage M2,0.5133557935671448
948,DLBC,TRAJ17,NK cell activated,0.5133007563197599
949,DLBC,TRAJ21,Macrophage M1,0.512975728363327
950,DLBC,TRAV39,T cell CD8+,0.5126335761436246
951,DLBC,TRAV14DV4,T cell CD8+,0.5119589450451643
952,DLBC,TRAJ27,T cell follicular helper,0.5116712147119475
953,DLBC,TRBJ2-1,T cell CD8+,0.5102040816326531
954,DLBC,TRBV20-1,T cell CD8+,0.5098045071923708
955,DLBC,TRBV6-1,T cell CD8+,0.509695319612821
956,DLBC,TRAJ37,Macrophage M1,0.5095639770639508
957,DLBC,TRAV21,T cell follicular helper,0.5095215127707052
958,DLBC,TRAJ48,T cell CD8+,0.509435323978211
959,DLBC,TRAJ8,Macrophage M2,0.5091511188376078
960,DLBC,TRBV30,T cell CD8+,0.5089004977568653
961,DLBC,TRAV12-1,T cell follicular helper,0.5081969464074522
962,DLBC,TRAV21,T cell CD8+,0.508161483108174
963,DLBC,TRAV9-1,T cell follicular helper,0.5079371528598986
964,DLBC,TRBV18,T cell CD8+,0.5073898509110502
965,DLBC,TRAJ31,T cell CD8+,0.5072617564606596
966,DLBC,TRAV20,Macrophage M1,0.507234884083212
967,DLBC,TRAJ53,T cell follicular helper,0.5071124183645876
968,DLBC,TRAV8-6,Macrophage M2,0.5067395837730072
969,DLBC,TRBV5-5,T cell follicular helper,0.5059065606868423
970,DLBC,TRBV13,T cell CD8+,0.5057913522327125
971,DLBC,TRBV7-2,T cell CD8+,0.5055570438767327
972,DLBC,TRAV35,T cell follicular helper,0.50518223483776
973,DLBC,TRBV20-1,T cell follicular helper,0.5050124972978046
974,DLBC,TRAJ38,Macrophage M2,0.5048736769249055
975,DLBC,TRAJ9,T cell gamma delta,0.5047339945897203
976,DLBC,TRBV11-3,T cell CD8+,0.5045699022053668
977,DLBC,TRAJ15,Macrophage M2,0.5033229372642617
978,DLBC,TRAV13-2,Macrophage M1,0.5032701428562014
979,DLBC,TRAJ35,Macrophage M2,0.5028526978953652
980,DLBC,TRBJ2-3,Macrophage M2,0.5023617102408545
981,DLBC,TRAJ58,T cell CD8+,0.5019972316370471
982,DLBC,TRAJ44,Macrophage M1,0.5017577622263578
983,DLBC,TRGJ2,Macrophage M1,0.5016828385043677
984,DLBC,TRAJ49,Macrophage M1,0.501349715769637
985,DLBC,TRBJ1-4,T cell follicular helper,0.5012344603461528
986,DLBC,TRGJ2,T cell follicular helper,0.5011276339464833
987,DLBC,TRBV14,T cell CD8+,0.500647275201875
988,DLBC,TRAV12-1,T cell CD8+,0.5003458188157053
989,KICH,IGHV7-81,T cell CD4+ memory activated,1.0
990,KICH,IGHV7-34-1,T cell CD4+ memory activated,1.0
991,KICH,TRAJ50,T cell CD4+ memory activated,0.7126966450997984
992,KICH,TRBV10-2,T cell CD4+ memory activated,0.6900713547791697
993,KICH,TRAJ24,T cell CD4+ memory activated,0.6900713547791697
994,KICH,TRAJ11,T cell CD4+ memory activated,0.6900713547791697
995,KICH,TRBV5-5,T cell CD4+ memory activated,0.6900713547791697
996,KICH,TRBV3-1,T cell CD4+ memory activated,0.6900713547791697
997,KICH,IGLV3-9,T cell CD8+,0.6373718755630122
998,KICH,IGHJ5,T cell CD8+,0.6225297305004343
999,KICH,IGLV1-47,T cell CD8+,0.6046131512444753
1000,KICH,IGLV4-69,T cell CD8+,0.6036016882254805
1001,KICH,IGHV3-23,T cell CD8+,0.5991712703227051
1002,KICH,IGHV5-51,T cell CD8+,0.5988507842180724
1003,KICH,TRBJ2-7,T cell CD8+,0.5941514753663473
1004,KICH,TRBV5-6,T cell CD4+ memory activated,0.5865384077400781
1005,KICH,IGHV3-74,T cell CD8+,0.5843572697161961
1006,KICH,IGHJ3,Macrophage M2,0.5842205097513311
1007,KICH,IGHJ3,T cell CD8+,0.581358465968697
1008,KICH,IGLV4-69,Macrophage M2,0.5774850815506687
1009,KICH,IGKV2-30,Macrophage M2,0.57550959867888
1010,KICH,IGKV1-13,Macrophage M2,0.5723023963229452
1011,KICH,IGLV1-47,NK cell activated,0.56862600295135
1012,KICH,IGHV3-22,T cell CD4+ memory activated,0.5679181408276947
1013,KICH,TRAV26-2,T cell CD4+ memory activated,0.5679181408276947
1014,KICH,IGHJ3,T cell CD4+ memory resting,0.5672926077343271
1015,KICH,IGHV1-18,Macrophage M2,0.5624128630850407
1016,KICH,IGLV3-9,T cell CD4+ memory resting,0.5596365209157326
1017,KICH,IGHV1-2,Macrophage M2,0.5547223434341703
1018,KICH,IGHV3-21,NK cell activated,0.554569527020972
1019,KICH,IGLV1-47,Macrophage M2,0.5544931668188171
1020,KICH,IGLV1-47,T cell CD4+ memory resting,0.5533026903602866
1021,KICH,IGHV4-31,T cell CD8+,0.5530654042322259
1022,KICH,IGLV1-47,Macrophage M1,0.5524109857827518
1023,KICH,IGHJ3,NK cell activated,0.5522610969366529
1024,KICH,IGHV3-11,Macrophage M1,0.5520279402978193
1025,KICH,TRBV15,T cell CD4+ memory activated,0.5492978739153114
1026,KICH,IGHV5-51,T cell CD4+ memory resting,0.5491656075495106
1027,KICH,TRAV21,T cell CD8+,0.5462523225407784
1028,KICH,IGLV2-5,B cell memory,0.5435730989282678
1029,KICH,IGHJ5,Macrophage M2,0.5409000787019728
1030,KICH,IGKV2-24,Macrophage M1,0.5405760862270872
1031,KICH,IGHV3-23,T cell CD4+ memory resting,0.5382545450304501
1032,KICH,IGHV3-21,T cell CD8+,0.5365342284037435
1033,KICH,IGHV4-28,T cell CD8+,0.5353802851498244
1034,KICH,TRAJ7,B cell memory,0.5287122585580297
1035,KICH,IGKV1-13,T cell CD8+,0.5281602987413838
1036,KICH,IGHV4-34,NK cell activated,0.5256667081703801
1037,KICH,IGLV10-54,T cell CD8+,0.5254101178561251
1038,KICH,TRBV6-5,T cell CD4+ memory resting,0.5221751572783445
1039,KICH,IGHV1-8,Macrophage M2,0.521832910322452
1040,KICH,IGHV1-8,T cell CD8+,0.520668001052312
1041,KICH,IGKV1-13,T cell CD4+ memory resting,0.5203368374858411
1042,KICH,TRAV10,B cell memory,0.5196013633283711
1043,KICH,IGHV3-11,NK cell activated,0.5194036750888841
1044,KICH,TRBJ1-5,T cell CD8+,0.5181570770016913
1045,KICH,IGKV2-26,T cell CD8+,0.5169056383939409
1046,KICH,IGHJ1,T cell CD8+,0.51687505658953
1047,KICH,IGLV2-28,T cell CD4+ memory resting,0.5166758357403526
1048,KICH,IGHV1-2,T cell CD8+,0.514982048347508
1049,KICH,IGHV5-51,Macrophage M1,0.5140862165639212
1050,KICH,IGHV3-60,T cell CD4+ memory activated,0.5120143040914759
1051,KICH,IGLV2-5,T cell CD4+ memory activated,0.5120143040914759
1052,KICH,IGHV1-18,T cell CD4+ memory resting,0.5061764970734531
1053,KICH,IGLV3-16,T cell CD8+,0.5060597339961646
1054,KICH,IGHV3-11,Macrophage M2,0.5059724963583602
1055,KICH,IGHV1-3,T cell CD8+,0.5052866599475602
1056,KICH,IGHV1-46,Macrophage M2,0.5048425914371226
1057,KICH,IGKV2-18,Macrophage M1,0.5025312609769041
1058,KICH,IGHV4-28,T cell CD4+ memory resting,0.5022402581652144
1059,KICH,IGHJ5,NK cell activated,0.5001022123115445
1060,UCS,TRBV10-1,Myeloid dendritic cell resting,0.6921595467088922
1061,UCS,IGHV3-65,T cell gamma delta,0.6889249439734568
1062,UCS,TRBV12-4,Neutrophil,0.5849379135730424
1063,UCS,IGHV1-58,T cell CD4+ memory activated,0.5814673139174956
1064,UCS,TRBV5-1,Macrophage M1,0.5737076372002546
1065,UCS,TRBV24-1,Myeloid dendritic cell resting,0.5705896897530199
1066,UCS,TRAJ53,Myeloid dendritic cell resting,0.5591901097936304
1067,UCS,TRAJ28,Myeloid dendritic cell resting,0.5591901097936304
1068,UCS,TRAV13-1,Myeloid dendritic cell resting,0.5532102816341246
1069,UCS,IGHV3-22,Myeloid dendritic cell resting,0.5479940937620869
1070,UCS,IGHV3-13,T cell CD4+ memory activated,0.541513049311015
1071,UCS,TRBV20-1,T cell CD8+,0.5340063200305001
1072,UCS,IGLVI-70,Myeloid dendritic cell resting,0.5320997619059614
1073,UCS,TRBV5-1,T cell CD8+,0.5244669091969524
1074,UCS,TRBV7-9,T cell CD8+,0.5218577274447607
1075,UCS,IGKV2-18,T cell CD8+,0.519300820199091
1076,UCS,TRBV20-1,Macrophage M1,0.5173428417580952
1077,UCS,TRAV2,Myeloid dendritic cell resting,0.5168810999689735
1078,UCS,TRBV7-6,T cell CD4+ memory activated,0.5140378151895441
1079,UCS,TRAJ46,Myeloid dendritic cell resting,0.5140378151895441
1080,UCS,TRBV7-6,Myeloid dendritic cell resting,0.5140378151895441
1081,UCS,TRBV12-2,T cell CD4+ memory activated,0.5140378151895441
1082,UCS,TRBV12-2,Myeloid dendritic cell resting,0.5140378151895441
1083,UCS,TRAJ46,T cell CD4+ memory activated,0.5140378151895441
1084,UCS,IGLV2-18,T cell CD8+,0.5110750278710625
1085,UCS,IGLV5-48,T cell CD4+ memory activated,0.5092717690004793
1086,UCS,IGKV6-21,Neutrophil,0.5074874530546317
1087,UCS,TRBV7-9,Macrophage M2,0.5067931181769071
1088,UCS,TRAV22,Macrophage M1,0.5064395093265608
1089,UCS,IGHV1-46,Neutrophil,0.5061876121959975
1090,UCS,IGHV3-30,T cell CD8+,0.5057155076817551
1091,UCS,IGHV4-34,Neutrophil,0.5057121558212317
1092,UCS,TRAV13-1,T cell CD4+ memory resting,0.5048746346011568
1093,UCS,TRAV19,NK cell activated,0.5017062181564622
1094,UCS,TRBV15,B cell memory,0.5015567725829229
1095,UCS,TRAV14DV4,T cell CD4+ memory activated,0.5015240865598309
1096,UCS,TRBV7-2,Myeloid dendritic cell resting,0.5013857350876766
1097,UCS,TRAV13-1,Macrophage M1,0.5000343924469298
1098,ACC,TRBV5-6,T cell CD4+ memory activated,0.7179003934510548
1099,ACC,TRBJ1-2,T cell CD8+,0.640328650950624
1100,ACC,TRBJ1-2,Macrophage M1,0.6397703469084645
1101,ACC,TRBJ2-5,T cell gamma delta,0.6327591443409306
1102,ACC,IGLV2-11,Macrophage M2,0.6086034269659826
1103,ACC,IGKV2-30,Macrophage M2,0.5895026456489799
1104,ACC,IGKV1-17,T cell CD8+,0.5878352969962796
1105,ACC,IGHJ5,Macrophage M2,0.5794516943825717
1106,ACC,TRBJ2-2,Myeloid dendritic cell resting,0.5686156302405666
1107,ACC,IGLV1-47,Macrophage M1,0.5651441372324177
1108,ACC,IGKV1-33,Macrophage M2,0.5647468879012982
1109,ACC,TRBV27,T cell gamma delta,0.5640573788807983
1110,ACC,IGKV2-30,Macrophage M1,0.562071896885939
1111,ACC,TRAJ20,T cell gamma delta,0.5576472300355108
1112,ACC,IGKJ3,Macrophage M1,0.5569022191821816
1113,ACC,TRBJ1-1,Macrophage M2,0.555366381833957
1114,ACC,IGKV2-26,T cell CD4+ memory activated,0.553865480816327
1115,ACC,IGHV3-33,Macrophage M1,0.5530445095712062
1116,ACC,TRBJ2-7,T cell CD8+,0.5527376716900064
1117,ACC,TRBJ2-2,T cell CD8+,0.5526455739704037
1118,ACC,IGKV1-17,Macrophage M1,0.5498013308208018
1119,ACC,TRBV6-5,Macrophage M2,0.549688806006954
1120,ACC,IGHJ3,Macrophage M1,0.549163248582846
1121,ACC,IGKV1-17,Macrophage M2,0.5485224968674589
1122,ACC,IGKV3-15,Macrophage M2,0.5458690806928542
1123,ACC,IGLV1-40,Macrophage M1,0.5447217402484519
1124,ACC,IGKJ3,T cell CD8+,0.5382330141744803
1125,ACC,IGKV1-33,Macrophage M1,0.5360812885198646
1126,ACC,TRBV6-5,T cell CD8+,0.5334012915917407
1127,ACC,TRBJ2-3,T cell CD8+,0.5305039402024816
1128,ACC,IGHV3-43,T cell gamma delta,0.5301567714801131
1129,ACC,TRBJ2-3,T cell gamma delta,0.5277626565051714
1130,ACC,IGKV2-24,Macrophage M1,0.5270859545014213
1131,ACC,TRBJ2-5,T cell CD8+,0.5238345407306016
1132,ACC,IGLV3-21,Macrophage M2,0.5226204402159509
1133,ACC,IGHJ5,T cell CD8+,0.5214567615352529
1134,ACC,TRAJ36,Myeloid dendritic cell resting,0.5206336051353813
1135,ACC,IGKV1-9,Macrophage M2,0.5202642545361558
1136,ACC,TRBJ2-5,T cell follicular helper,0.5201711584467245
1137,ACC,IGKJ3,Macrophage M2,0.516589415932221
1138,ACC,IGHV1-18,Macrophage M1,0.5161751616802279
1139,ACC,IGHJ4,T cell CD8+,0.5145991571321663
1140,ACC,TRBJ2-2,Macrophage M2,0.5144163749677403
1141,ACC,IGKV2-30,T cell CD8+,0.5138565281822499
1142,ACC,IGHV3-33,Macrophage M2,0.5137048036235256
1143,ACC,TRBV2,Myeloid dendritic cell resting,0.513485770918873
1144,ACC,TRAV39,T cell CD4+ memory activated,0.5114634774680591
1145,ACC,TRBV27,T cell CD8+,0.5112486606359479
1146,ACC,TRAJ20,T cell CD8+,0.5106642547483615
1147,ACC,IGHJ3,Macrophage M2,0.5093704320450587
1148,ACC,IGLV1-47,T cell CD8+,0.5090305955598885
1149,ACC,IGHV3-33,T cell CD8+,0.5085900427305798
1150,ACC,IGLV1-40,Macrophage M2,0.5061646258739577
1151,ACC,IGLV2-5,Myeloid dendritic cell resting,0.5032961491367496
1152,ACC,IGLV7-43,T cell CD8+,0.5026821395070195
1153,ACC,IGLV3-1,T cell follicular helper,0.501741464020045
1154,ACC,IGHJ4,Macrophage M2,0.5011558389815383
1155,PCPG,IGHJ2,Macrophage M2,0.5315785941398735
1156,PCPG,IGHV1-18,Macrophage M2,0.5181994798577139
1157,PCPG,IGHV1-69,Macrophage M2,0.5171663082857014
1158,PCPG,IGHV1-17,T cell CD4+ memory activated,0.5043498467896415
1159,PCPG,IGHV3-75,T cell CD4+ memory activated,0.5043498467896415
1160,PCPG,IGHJ3P,T cell CD4+ memory activated,0.5043498467896415
1161,UVM,TRBJ2-7,Macrophage M2,0.6792377844976061
1162,UVM,TRBJ1-1,T cell CD8+,0.6601918716024087
1163,UVM,TRBJ2-2,T cell CD8+,0.647950725526152
1164,UVM,TRAJ22,Mast cell resting,0.6426069947939301
1165,UVM,TRAV5,Mast cell resting,0.6372446750292995
1166,UVM,TRBV20-1,T cell CD8+,0.6367931938797416
1167,UVM,TRBV20-1,Macrophage M1,0.621796936791962
1168,UVM,TRBJ2-2,T cell follicular helper,0.6213288785617488
1169,UVM,IGKV3-15,Macrophage M1,0.6208101840378715
1170,UVM,TRAJ50,Mast cell resting,0.6188389809400947
1171,UVM,TRBV20-1,NK cell activated,0.6151417601203082
1172,UVM,TRBV27,T cell CD8+,0.6121710774291145
1173,UVM,TRGV6,Mast cell resting,0.6097526607422664
1174,UVM,TRBV23-1,Mast cell resting,0.6097526607422664
1175,UVM,TRBV19,T cell CD8+,0.6090389690323645
1176,UVM,IGLV6-57,Macrophage M1,0.6076089263695235
1177,UVM,TRBJ2-2,NK cell activated,0.6033270424366416
1178,UVM,TRBJ1-1,Macrophage M1,0.6020776664002851
1179,UVM,TRAV8-1,Mast cell resting,0.600424038672496
1180,UVM,TRAV26-1,Mast cell resting,0.5997111352112858
1181,UVM,TRBJ2-7,T cell CD8+,0.5948881472518116
1182,UVM,TRBV5-1,NK cell activated,0.5942602094942393
1183,UVM,IGHV5-51,Macrophage M1,0.5929517986414162
1184,UVM,TRBJ2-1,T cell follicular helper,0.5909803834280274
1185,UVM,TRBJ2-3,NK cell activated,0.590075329078775
1186,UVM,TRBV19,NK cell activated,0.5899739646452252
1187,UVM,TRBJ2-1,T cell CD8+,0.5892474716824394
1188,UVM,TRBV19,Macrophage M1,0.5821671863220367
1189,UVM,TRGV10,Mast cell resting,0.5751995124647035
1190,UVM,TRBJ1-1,NK cell activated,0.5642725918615733
1191,UVM,TRBV27,NK cell activated,0.5617072070226037
1192,UVM,TRBJ2-2,Macrophage M1,0.5615683775089292
1193,UVM,TRBJ2-7,T cell follicular helper,0.5595879989151494
1194,UVM,TRBV9,NK cell activated,0.5587711581556757
1195,UVM,TRBV12-4,T cell CD8+,0.5570503813595362
1196,UVM,TRBJ2-3,T cell CD8+,0.5567056352306565
1197,UVM,TRBJ1-1,Macrophage M2,0.5546967021926571
1198,UVM,TRAV27,Mast cell resting,0.5524442706296441
1199,UVM,TRAJ20,Macrophage M1,0.5516047334815668
1200,UVM,TRBV12-4,NK cell activated,0.5509159090918415
1201,UVM,TRBV12-4,T cell follicular helper,0.5505504856861847
1202,UVM,TRBV4-3,T cell gamma delta,0.5493390863816943
1203,UVM,TRBV19,Macrophage M2,0.5486701092766103
1204,UVM,TRAJ9,T cell CD8+,0.544377696901811
1205,UVM,TRBV19,T cell follicular helper,0.5419263136848746
1206,UVM,TRBV5-1,T cell CD8+,0.5399902796515675
1207,UVM,TRAJ48,Macrophage M1,0.5399201149245014
1208,UVM,TRBV6-5,Macrophage M2,0.5375950954931082
1209,UVM,TRAV1-2,Mast cell resting,0.534431004757248
1210,UVM,TRAV3,T cell CD8+,0.5338110302140356
1211,UVM,TRBV9,Macrophage M1,0.5325382002049746
1212,UVM,TRBV9,T cell CD8+,0.5303090880720787
1213,UVM,TRBJ1-5,Macrophage M2,0.5279225839651952
1214,UVM,TRBV20-1,T cell follicular helper,0.5274548198742729
1215,UVM,IGLV3-1,Macrophage M1,0.5264131561859792
1216,UVM,TRGV10,T cell CD8+,0.5242957659688858
1217,UVM,TRBV27,T cell follicular helper,0.5242370003882448
1218,UVM,IGHJ2,T cell CD8+,0.5216880045085659
1219,UVM,TRGV10,T cell follicular helper,0.5213111406013297
1220,UVM,TRAJ39,Macrophage M2,0.520853187511756
1221,UVM,IGKV1-33,Macrophage M1,0.520582121221621
1222,UVM,TRBV7-9,T cell CD8+,0.518894370986577
1223,UVM,TRAV29DV5,T cell regulatory (Tregs),0.5176710172000425
1224,UVM,TRAV3,Macrophage M1,0.5172051019668746
1225,UVM,TRBJ1-1,T cell follicular helper,0.516560115801477
1226,UVM,IGHJ4,Macrophage M1,0.5142751370969374
1227,UVM,IGHJ5,NK cell activated,0.5138246645532221
1228,UVM,TRAJ17,NK cell activated,0.5134667393132161
1229,UVM,IGHJ2,NK cell activated,0.5131168982410735
1230,UVM,TRAJ42,Mast cell resting,0.5125028542349228
1231,UVM,TRAJ9,T cell follicular helper,0.5111714760305534
1232,UVM,TRBJ2-7,T cell gamma delta,0.5110778037125846
1233,UVM,TRBV29-1,Mast cell resting,0.5086771886619016
1234,UVM,IGHJ5,Macrophage M1,0.5085753000306444
1235,UVM,TRAV13-2,T cell CD8+,0.5080171776980734
1236,UVM,IGKJ3,NK cell resting,-0.5071803416451708
1237,UVM,TRBV5-1,Macrophage M1,0.506972101080023
1238,UVM,TRBV5-1,Macrophage M2,0.5048173573951773
1239,UVM,TRAJ43,B cell plasma,0.5045431609245784
1240,UVM,TRAJ42,NK cell activated,0.5041086469518524
1241,UVM,TRAJ29,NK cell activated,0.5029568922251312
1242,UVM,TRBV27,Macrophage M1,0.5029013908371215
1243,UVM,TRBJ1-5,T cell CD8+,0.5026689535434509
1244,UVM,TRAJ48,T cell CD8+,0.5022431254788182
1245,UVM,TRAV13-2,T cell follicular helper,0.5020024915067932
1246,UVM,TRAJ4,Macrophage M1,0.5011587787521818
1247,UVM,TRAV12-1,Macrophage M1,0.5005683825895975
1248,UVM,TRBV20-1,Macrophage M2,0.500286985971459
